<?xml version="1.0" encoding="UTF-8"?>
<map>
    <description>
	     Add some information here - cmove project 
    </description> 
    <board>
        <maxplayers value="3"/>
        <height        value="13"/>
        <width     value="19"/>
    </board>   
    <field>
        <row>w w w w w w w w w w w w w w w w w w w</row>
        <row>w - 2 - - - - - r - - - - o - - - - w</row>
        <row>w w o w - w - w - w - w - w - w - w w</row>
        <row>w - o - - - - - - - - r - - - - - - w</row>
        <row>w w o w o w - w - w - w - w o w - w w</row>
        <row>w - - o - - - - - - - - o - r - - 3 w</row>
    	<row>w w o w - w - w - w - w - w - w - w w</row>
 		<row>w - o o o o - - - 1 - - - - - - - o w</row>
        <row>w w o w o w o w o w - w - w - w - w w</row>
       	<row>w - - o o o o - - r - - o o o - - - w</row>
 		<row>w w - w - w o w o w - w o w o w o w w</row>
 		<row>w - - - - - - o o o - - o o o - o r w</row>
 	    <row>w w w w w w w w w w w w w w w w w w w</row>
    </field>
    <!-- the following game configurations are denotes gd - Game duraion, et- explosion timout
     ed - explosion duratoin, er - explosion range rs - robot speed , pr-points per robots killed
     po - points per opponent killed -->
    <gameconfig>
        <gd value="120"/>
        <et value="1"/>  <!-- this is acutall milli secod  -->
        <ed value="1"/>
        <er value="3"/> 
        <rs value="0.5"/>   <!-- this actualyl means, each 0.5 second , robot has to move 1 cell  -->
        <pr value="10"/>
        <po value="100"/>
    </gameconfig>
</map>